ticker,decision,rationale
PEP,INCLUDE,"Brand-owning beverage + snacks company; similar scale, margins and distribution power"
KDP,INCLUDE,"Brand-owning beverage company; US-focused, similar margin structure"
MNST,INCLUDE,"Brand-owning beverage company, asset-light; faster growth -> upper end of multiple range"
STZ,INCLUDE,"Brand-owning beverage company (alcoholic); similar margins and pricing power"
CCEP,EXCLUDE,"Bottler: capital-intensive logistics business, EBITDA margin ~13% vs KO ~30%"
COKE,EXCLUDE,"Bottler (Coca-Cola Consolidated); same reason"
KO,EXCLUDE,"The target company itself"
KHC,EXCLUDE,"Packaged food; non-beverage category with different growth and margin profile"
GIS,EXCLUDE,"Packaged food; same reason"
CELH,EXCLUDE,"Very small scale and very high growth -> multiple not meaningful"
